Threads,Average Time
1,0.0787667
5,0.0171951
10,0.00904108
15,0.0106521
20,0.00891285
25,0.00947886
30,0.00885093
35,0.00781149
40,0.00849772
45,0.00800457
50,0.0084628
