Threads,Average_Time
1,0.0714041
5,0.0180854
10,0.0122575
15,0.00839498
20,0.010056
25,0.00938184
30,0.00884664
35,0.00913997
40,0.00892296
45,0.0087442
50,0.00922476
