Threads,Average Time
1,0.0809079
5,0.0172408
10,0.0097198
15,0.0113606
20,0.0093025
25,0.00984394
30,0.0089567
35,0.00856945
40,0.00885554
45,0.00869558
50,0.00885508
