Threads,Average_Time
1,0.0243832
5,0.0170475
10,0.0118892
15,0.00848636
20,0.00935695
25,0.0089677
30,0.00859173
35,0.00853399
40,0.00841261
45,0.00817223
50,0.00848214
