Threads,Average Time
1,0.0331894
5,0.0174339
10,0.00934017
15,0.0100699
20,0.0100635
25,0.00882628
30,0.00837415
35,0.00755867
40,0.00823633
45,0.00769066
50,0.00823804
