Threads,Average_Time
1,0.0345745
5,0.0164594
10,0.00912615
15,0.0105248
20,0.00904002
25,0.00932207
30,0.0086616
35,0.00816532
40,0.00848386
45,0.00823997
50,0.00832695
